First Name,Last Name,Email,Username,Pasword
Brian,O’Conner,brian@niepodam.pl,brian,qaz
Dominic,Toretto,dominic@niepodam.pl,dominic,qaz
Letty,Ortiz,letty@niepodam.pl,letty,qaz
Luke,Hobbs,luke@niepodam.pl,luke,qaz
Roman,Pearce,roman@niepodam.pl,roman,qaz
Tej,Parker,tej@niepodam.pl,tej,qaz
Mia,Toretto,mia@niepodam.pl,mia,qaz
John,Smith,hannibal@niepodam.pl,hannibal,qaz
Bosco,Baracus,ba@niepodam.pl,ba,qaz
Templeton,Peck,templeton@niepodam.pl,templeton,qaz
Kapitan,Murdock,murdock@niepodam.pl,murdock,qaz
Barney,Ross,barney@niepodam.pl,barney,qaz
Lee,Christmas,lee@niepodam.pl,lee,qaz
Yin,Yang,yin@niepodam.pl,yin,qaz
Gunner,Jensen,gunner@niepodam.pl,gunner,qaz
Toll,Road,toll@niepodam.pl,toll,qaz
Hale,Caesar,hale@niepodam.pl,hale,qaz
Trench,Mauser,trench@niepodam.pl,trench,qaz
Conrad,Stonebanks,conrad@niepodam.pl,conrad,qaz
Max,Drummer,max@niepodam.pl,max,qaz
Wesley,Surgeon,wesley@niepodam.pl,wesley,qaz
Antonio,Matador,antonio@niepodam.pl,antonio,qaz
Kellan,Smilee,kellan@niepodam.pl,kellan,qaz
Victor,Mars,victor@niepodam.pl,victor,qaz
Glen,Thorn,glen@niepodam.pl,glen,qaz
Kelsey,Bonaparte,kelsey@niepodam.pl,kelsey,qaz
Goran,Vogner,goran@niepodam.pl,goran,qaz
John,Rambo,rambo@niepodam.pl,rambo,qaz
Indiana,Jones,indie@niepodam.pl,indie,qaz
Han,Solo,han@niepodam.pl,han,qaz
Rick,Deckard,rick@niepodam.pl,rick,qaz
Jack,Ryan,ryan@niepodam.pl,ryan,qaz
Richard,Kimble,richard@niepodam.pl,richard,qaz
Colonel,Graff,graff@niepodam.pl,graff,qaz
Rocky,Balboa,rocky@niepodam.pl,rocky,qaz
Barney,Ross,barney@niepodam.pl,barney,qaz
Judge,Dredd,judge@niepodam.pl,judge,qaz
Black,Widow,widow@niepodam.pl,widow,qaz
Captain,America,cap@niepodam.pl,cap,qaz
Iron,Man,ironman@niepodam.pl,ironman,qaz
Thor,Odinson,thor@niepodam.pl,thor,qaz
Hulk,Green,hulk@niepodam.pl,hulk,qaz
Hawkeye,Agent,hawkeye@niepodam.pl,hawkeye,qaz
George,Harrison,george@niepodam.pl,george,qaz
John,Lennon,john@niepodam.pl,john,qaz
Paul,McCartney,paul@niepodam.pl,paul,qaz
Ringo,Starr,ringo@niepodam.pl,ringo,qaz
George,Cowley,cowley@niepodam.pl,cowley,qaz
Raymond,Doyle,doyle@niepodam.pl,doyle,qaz
William,Bodie,bodie@niepodam.pl,bodie,qaz
